SQUARE,Easting,Northing
CIOSPC,180000,240000
EYAJMO,110000,830000
YDGWZL,380000,830000
RXBGEW,450000,820000
FMQFWX,410000,60000
KMOUQH,440000,660000
KKWKFZ,220000,300000
MZKVCB,200000,650000
ZWKRMA,180000,200000
KRLBBY,450000,160000
QERSLS,370000,590000
WOSSFN,190000,580000
MJNWTN,210000,260000
SNIVSZ,180000,70000
PPYLGS,480000,780000
TNOEYM,350000,550000
BSIDQZ,430000,540000
BQBGBD,160000,750000
DKPKMO,160000,840000
OFVZDJ,280000,210000
TAZMMI,280000,770000
WKDWFI,500000,380000
ZUJTKP,350000,840000
UDKSUO,420000,280000
LYVCID,200000,610000
DEJBBK,300000,80000
JDUKBZ,260000,690000
KPEREP,180000,290000
QVZIXI,340000,450000
DKFVKM,120000,110000
YXYWSS,320000,580000
OXVLRI,110000,830000
KLOORS,260000,610000
UIZSGP,140000,690000
YTAUII,220000,700000
SIATHT,450000,130000
BXQYQB,110000,840000
EARTZW,500000,380000
KODKGX,250000,470000
CLLBKV,380000,320000
SUADYK,400000,490000
JUAXZV,260000,480000
HCFYIX,290000,360000
MFKQWC,480000,650000
SOXGJY,350000,90000
LVPROI,430000,680000
FNQTOM,230000,730000
KMXNYL,280000,780000
VLSKJS,390000,870000
BUITKA,430000,240000
TSVOCK,440000,170000
SYFGLR,360000,350000
YGQIJY,150000,500000
UYRLRX,260000,530000
ELMOEX,250000,740000
OMJWBQ,380000,320000
HIMIWW,340000,330000
CHQQXO,160000,140000
YYKFOS,410000,670000
WGFZAS,360000,110000
RMNIDX,370000,310000
YZQAFJ,460000,820000
WHKFUF,470000,530000
OKZSIO,220000,580000
EBWPRA,120000,380000
KZRUFR,220000,220000
OVOZHE,410000,570000
SBZEEU,360000,60000
XRLEIA,350000,250000
ROACVK,290000,190000
GNVOHN,370000,450000
AHKTWX,260000,400000
MZWJCL,380000,550000
PAMHOJ,140000,590000
QPNACB,410000,790000
NHQOBM,460000,800000
JBIYLU,350000,320000
NYVXXI,280000,60000
GJPXMP,480000,900000
IRWYUZ,490000,620000
YUGUQF,290000,420000
XZCUFZ,290000,820000
GXZDXP,450000,710000
QQXUFX,450000,240000
LIWOTB,190000,70000
HLPOPT,350000,60000
GPOWBR,260000,460000
ZWSOED,340000,770000
XDUEWA,110000,890000
SADWLS,330000,400000
HYILAM,150000,630000
YVWYWC,360000,100000
ZTXKYJ,490000,510000
MGWQSP,230000,710000
KBLGPE,440000,810000
KXYDPJ,490000,290000
JABGJY,360000,400000
UISYES,220000,570000
DTXAJY,230000,180000
GCDFIO,250000,670000
RTQIEV,420000,770000
VJVJJJ,470000,890000
VUJWHD,370000,720000
JDKZQA,390000,80000
TJPYWU,490000,60000
GQYNWE,470000,620000
FBWAHU,480000,210000
NBXWRU,230000,740000
OSGDGJ,120000,440000
OOLGBN,410000,110000
NQYHWK,250000,680000
YTLYLE,290000,860000
EBPSDO,310000,380000
SCQIDT,470000,350000
HHNXYQ,160000,570000
KYFWMC,450000,580000
HGBYWJ,500000,510000
UCUYAE,160000,380000
RZPWIO,360000,420000
IDAVFQ,400000,80000
VGSKFD,350000,120000
LERYBB,110000,440000
HKUCRW,170000,460000
WRBZTH,290000,720000
FOXCNS,110000,840000
ZPNKAM,290000,900000
XDBRQR,120000,630000
KZHPIL,310000,680000
WBZDEZ,380000,540000
EIKMDF,480000,660000
NFQGQH,500000,260000
ETBBOE,340000,140000
GKPUAI,190000,160000
QTFGFT,350000,330000
ICYTYP,180000,750000
DZIAED,320000,630000
BHNAKW,330000,350000
UEZICR,360000,340000
IPLMTS,360000,710000
TKHLXB,390000,410000
XQPYLJ,270000,610000
QHDWPL,120000,310000
SZZFDN,420000,260000
UEEHNU,230000,550000
QQYDJR,260000,790000
MNNPBO,300000,840000
YBYTMW,240000,640000
SHKRQL,230000,620000
ZDMFRI,300000,60000
DWPADG,210000,150000
NZACAP,430000,870000
AUMEYK,250000,290000
MJIHQZ,320000,470000
HZXYKQ,470000,650000
SXVOJP,450000,630000
ZKXWRH,130000,360000
QVIAYN,430000,260000
PFCFRO,290000,830000
YBYWHW,230000,310000
KXFAEB,160000,650000
ERZTLR,300000,270000
MPVOVJ,260000,610000
ZFNWOA,430000,650000
HGUOAH,380000,490000
RVGJUQ,500000,320000
PNSAFC,230000,750000
YYKNUC,260000,780000
DKUMUJ,250000,600000
FAQWDV,210000,140000
JKBXAQ,400000,150000
GCFNAZ,450000,350000
MENREM,220000,860000
QASSZL,310000,250000
XGHBPM,440000,140000
RLJGXU,480000,190000
SQOIDY,460000,810000
WKTPKP,420000,750000
CTFSTL,250000,890000
SEQVXD,220000,700000
FPVEEB,260000,870000
FBUJKB,120000,710000
YMMERA,260000,430000
CDHIYE,480000,380000
YFJGHR,440000,510000
CKLUFF,380000,280000
NHOCBB,310000,720000
GNSZNY,280000,640000
PTHHYT,470000,490000
SXFQWQ,240000,870000
OVOHHS,500000,650000
NAMISZ,400000,80000
STXVMF,340000,870000
UFFUSX,210000,850000
SUGYHV,300000,900000
JDUTQQ,260000,900000
TDZOHS,470000,740000
QFVTHZ,380000,80000
ZLXWKT,370000,380000
XVQXXD,340000,70000
MAWOAV,240000,720000
EXSYAA,200000,110000
HQKXCG,370000,210000
QOZLLL,440000,720000
ZJGHZJ,290000,820000
HAWCOO,240000,80000
WDGZFA,320000,830000
KOQHZQ,430000,460000
JFGJJD,290000,560000
NDDDBT,330000,600000
OHLVGM,110000,550000
MVQGEB,230000,880000
GUBASC,470000,600000
VDMHHE,220000,180000
HPLWER,230000,770000
YCZHUL,380000,830000
LXSSXH,380000,450000
OTMPPX,350000,440000
FMFSCG,170000,120000
OJWELS,480000,630000
AKYQNY,370000,300000
CMBROG,300000,160000
DLHRIK,270000,390000
NPWDRZ,240000,90000
EPDZLB,410000,510000
AQLJEH,220000,80000
GCKECU,400000,400000
HHGYVR,130000,470000
COIKIP,200000,790000
ANHJGW,440000,120000
JFYGIL,200000,500000
ELWJGA,370000,470000
YJTHLC,190000,230000
VIYZXK,290000,440000
KVEVJD,350000,380000
QNUBNN,300000,850000
SGZFTP,310000,220000
OQQSNF,210000,540000
RLHVZO,170000,650000
CIPHOQ,220000,110000
EJIUFP,180000,490000
QVCPLP,320000,240000
KUWSSI,420000,710000
JBQWJT,120000,350000
TZYVRC,120000,880000
NGRWGX,190000,610000
BJUBLC,130000,490000
SHOJSV,110000,260000
GPKWZZ,240000,270000
FGGQSX,220000,590000
SXXOPZ,390000,660000
BBIJIG,320000,660000
LCLMLO,420000,90000
ZTHUIF,220000,170000
RZMHKP,360000,420000
ETBVQS,140000,240000
VJURQL,450000,270000
